[{"firstName":"peter","lastName":"smith","id":"1733945924371"},{"firstName":"dildo","lastName":"smith","id":"1733945933036"},{"firstName":"wally","lastName":"smith","id":"1733945950107"},{"firstName":"peter","lastName":"johnson","id":"1733947714032"},{"firstName":"dildo","lastName":"johnson","id":"1733947783484"},{"firstName":"flector","lastName":"smith","id":"1734010446492"},{"firstName":"claud","lastName":"smith","id":"1734010480692"},{"firstName":"claud","lastName":"smith","id":"1734010482728"},{"firstName":"peter","lastName":"smith","id":"1734010585811"},{"firstName":"peter","lastName":"smith","id":"1734010689004"},{"firstName":"anna","lastName":"smith","id":"1734010924751"},{"firstName":"annette","lastName":"smith","id":"1734011279257"},{"firstName":"peter","lastName":"smith","id":"1734015778085"}]